{
  "_comment": "v1 pixel -> v3w pixel maps (both full-res). From simultaneous moon sightings; see bin/fit-v1-v3w. TWO models: affine (tight on the moon arc, tilts at corners) and fov_box (published-FOV scale, no rotation, 1 anchor \u2014 for the v1 FOV perimeter box). moon-overlay --v1-fov uses fov_box.",
  "from": "eclipticam-v1",
  "to": "eclipticam-v3w",
  "from_full_res": [
    2592,
    1944
  ],
  "to_full_res": [
    4608,
    2592
  ],
  "affine_2x3": [
    [
      0.7129858846557946,
      0.35537597177435987,
      772.243426400463
    ],
    [
      -0.07154037458543593,
      1.105692950668261,
      -215.00392094130086
    ]
  ],
  "fit": {
    "n_pairs": 10,
    "rms_px": 3.9,
    "max_px": 6.4,
    "scale": 0.9021,
    "az_deg": [
      194.4,
      217.8
    ],
    "max_dt_s": 90
  },
  "fov_box": {
    "_comment": "q = scale*p + translate, no rotation. scale from published horizontal FOV (v1 53.5deg, v3w 102deg).",
    "scale": 0.9325,
    "translate": [
      1187.7,
      31.9
    ],
    "anchor_v1": [
      1091.0,
      1850.0
    ],
    "anchor_v3w": [
      2205.0,
      1757.0
    ],
    "fov_deg": {
      "v1_h": 53.5,
      "v3w_h": 102.0
    },
    "rms_px": 87.1
  },
  "fitted_at": "2026-07-04T12:29:51+00:00"
}
